from,from_domain,to,to_domain
https://elbformat.de/,elbformat.de,https://www.instagram.com/elbformat/,www.instagram.com
https://elbformat.de/,elbformat.de,https://www.stromnetz-hamburg.de/,www.stromnetz-hamburg.de
https://elbformat.de/,elbformat.de,https://www.xing.com/companies/elbformatcontentsolutionsgmbh,www.xing.com
https://elbformat.de/,elbformat.de,https://elbformat.de/referenzen/projekt-ig-metall-relaunch,elbformat.de
https://elbformat.de/,elbformat.de,https://www.elbformat.de/jobs,www.elbformat.de
https://elbformat.de/,elbformat.de,https://www.linkedin.com/company/elbformat-content-solutions-gmbh/,www.linkedin.com
https://elbformat.de/,elbformat.de,https://elbformat.de/,elbformat.de
https://elbformat.de/,elbformat.de,https://www.netz-luebeck.de/,www.netz-luebeck.de
https://elbformat.de/,elbformat.de,https://www.aldi-reisen.de/,www.aldi-reisen.de
https://elbformat.de/,elbformat.de,https://www.fresenius.de/,www.fresenius.de
https://elbformat.de/,elbformat.de,https://www.stromnetz-berlin.de/,www.stromnetz-berlin.de
https://elbformat.de/,elbformat.de,https://elbformat.de/impressum,elbformat.de
https://elbformat.de/,elbformat.de,https://www.elbformat.de/,www.elbformat.de
https://elbformat.de/,elbformat.de,https://www.igmetall.de/,www.igmetall.de
https://elbformat.de/,elbformat.de,https://www.facebook.com/elbformat/,www.facebook.com
https://elbformat.de/,elbformat.de,https://elbformat.de/referenzen/projekt-buerosuche,elbformat.de
https://elbformat.de/,elbformat.de,https://www.vattenfall.de/,www.vattenfall.de
https://elbformat.de/,elbformat.de,https://elbformat.de/referenzen,elbformat.de
https://elbformat.de/,elbformat.de,https://elbformat.de/wer-wir-sind,elbformat.de
https://elbformat.de/,elbformat.de,https://www.elbformat.de/referenzen,www.elbformat.de
https://elbformat.de/,elbformat.de,https://www.buerosuche.de/,www.buerosuche.de
https://elbformat.de/,elbformat.de,https://www.kununu.com/de/elbformat-content-solutions,www.kununu.com
https://elbformat.de/,elbformat.de,https://www.elbformat.de/was-wir-koennen,www.elbformat.de
https://elbformat.de/,elbformat.de,https://www.volkswagenag.com/,www.volkswagenag.com
https://elbformat.de/,elbformat.de,https://elbformat.de/jobs/senior-content-manager,elbformat.de
https://elbformat.de/,elbformat.de,mailto://info@elbformat.de,info@elbformat.de
https://elbformat.de/,elbformat.de,https://www.talanx.com/,www.talanx.com
https://elbformat.de/,elbformat.de,https://elbformat.de/datenschutz,elbformat.de
https://elbformat.de/,elbformat.de,https://elbformat.de/was-wir-koennen,elbformat.de
https://elbformat.de/,elbformat.de,https://elbformat.de/referenzen/relaunch-projekt-vattenfall-waerme,elbformat.de
https://elbformat.de/,elbformat.de,https://www.elbformat.de/wer-wir-sind,www.elbformat.de
https://elbformat.de/,elbformat.de,https://twitter.com/elbformat,twitter.com
https://elbformat.de/,elbformat.de,https://elbformat.de/jobs,elbformat.de
https://www.elbformat.de/jobs,www.elbformat.de,https://www.instagram.com/elbformat/,www.instagram.com
https://www.elbformat.de/jobs,www.elbformat.de,https://www.xing.com/companies/elbformatcontentsolutionsgmbh,www.xing.com
https://www.elbformat.de/jobs,www.elbformat.de,https://www.elbformat.de/jobs,www.elbformat.de
https://www.elbformat.de/jobs,www.elbformat.de,https://www.linkedin.com/company/elbformat-content-solutions-gmbh/,www.linkedin.com
https://www.elbformat.de/jobs,www.elbformat.de,https://elbformat.de/,elbformat.de
https://www.elbformat.de/jobs,www.elbformat.de,https://www.feelgood-at-work.de/workplaces/elbformat/,www.feelgood-at-work.de
https://www.elbformat.de/jobs,www.elbformat.de,mailto://kommanbord@elbformat.de,kommanbord@elbformat.de
https://www.elbformat.de/jobs,www.elbformat.de,https://elbformat.de/impressum,elbformat.de
https://www.elbformat.de/jobs,www.elbformat.de,https://www.elbformat.de/,www.elbformat.de
https://www.elbformat.de/jobs,www.elbformat.de,https://www.facebook.com/elbformat/,www.facebook.com
https://www.elbformat.de/jobs,www.elbformat.de,https://elbformat.de/referenzen,elbformat.de
https://www.elbformat.de/jobs,www.elbformat.de,https://elbformat.de/wer-wir-sind,elbformat.de
https://www.elbformat.de/jobs,www.elbformat.de,https://www.elbformat.de/referenzen,www.elbformat.de
https://www.elbformat.de/jobs,www.elbformat.de,https://www.kununu.com/de/elbformat-content-solutions,www.kununu.com
https://www.elbformat.de/jobs,www.elbformat.de,https://www.elbformat.de/was-wir-koennen,www.elbformat.de
https://www.elbformat.de/jobs,www.elbformat.de,https://www.hamburg.de/familienallianz/,www.hamburg.de
https://www.elbformat.de/jobs,www.elbformat.de,https://elbformat.de/jobs/senior-content-manager,elbformat.de
https://www.elbformat.de/jobs,www.elbformat.de,mailto://info@elbformat.de,info@elbformat.de
https://www.elbformat.de/jobs,www.elbformat.de,https://elbformat.de/datenschutz,elbformat.de
https://www.elbformat.de/jobs,www.elbformat.de,https://elbformat.de/was-wir-koennen,elbformat.de
https://www.elbformat.de/jobs,www.elbformat.de,https://www.elbformat.de/wer-wir-sind,www.elbformat.de
https://www.elbformat.de/jobs,www.elbformat.de,https://elbformat.de/jobs/consultant-prozessdigitalisierung,elbformat.de
https://www.elbformat.de/jobs,www.elbformat.de,https://twitter.com/elbformat,twitter.com
https://www.elbformat.de/jobs,www.elbformat.de,https://elbformat.de/jobs,elbformat.de
https://www.elbformat.de/,www.elbformat.de,https://www.instagram.com/elbformat/,www.instagram.com
https://www.elbformat.de/,www.elbformat.de,https://www.stromnetz-hamburg.de/,www.stromnetz-hamburg.de
https://www.elbformat.de/,www.elbformat.de,https://www.xing.com/companies/elbformatcontentsolutionsgmbh,www.xing.com
https://www.elbformat.de/,www.elbformat.de,https://elbformat.de/referenzen/projekt-ig-metall-relaunch,elbformat.de
https://www.elbformat.de/,www.elbformat.de,https://www.elbformat.de/jobs,www.elbformat.de
https://www.elbformat.de/,www.elbformat.de,https://www.linkedin.com/company/elbformat-content-solutions-gmbh/,www.linkedin.com
https://www.elbformat.de/,www.elbformat.de,https://elbformat.de/,elbformat.de
https://www.elbformat.de/,www.elbformat.de,https://www.netz-luebeck.de/,www.netz-luebeck.de
https://www.elbformat.de/,www.elbformat.de,https://www.aldi-reisen.de/,www.aldi-reisen.de
https://www.elbformat.de/,www.elbformat.de,https://www.fresenius.de/,www.fresenius.de
https://www.elbformat.de/,www.elbformat.de,https://www.stromnetz-berlin.de/,www.stromnetz-berlin.de
https://www.elbformat.de/,www.elbformat.de,https://elbformat.de/impressum,elbformat.de
https://www.elbformat.de/,www.elbformat.de,https://www.elbformat.de/,www.elbformat.de
https://www.elbformat.de/,www.elbformat.de,https://www.igmetall.de/,www.igmetall.de
https://www.elbformat.de/,www.elbformat.de,https://www.facebook.com/elbformat/,www.facebook.com
https://www.elbformat.de/,www.elbformat.de,https://elbformat.de/referenzen/projekt-buerosuche,elbformat.de
https://www.elbformat.de/,www.elbformat.de,https://www.vattenfall.de/,www.vattenfall.de
https://www.elbformat.de/,www.elbformat.de,https://elbformat.de/referenzen,elbformat.de
https://www.elbformat.de/,www.elbformat.de,https://elbformat.de/wer-wir-sind,elbformat.de
https://www.elbformat.de/,www.elbformat.de,https://www.elbformat.de/referenzen,www.elbformat.de
https://www.elbformat.de/,www.elbformat.de,https://www.buerosuche.de/,www.buerosuche.de
https://www.elbformat.de/,www.elbformat.de,https://www.kununu.com/de/elbformat-content-solutions,www.kununu.com
https://www.elbformat.de/,www.elbformat.de,https://www.elbformat.de/was-wir-koennen,www.elbformat.de
https://www.elbformat.de/,www.elbformat.de,https://www.volkswagenag.com/,www.volkswagenag.com
https://www.elbformat.de/,www.elbformat.de,https://elbformat.de/jobs/senior-content-manager,elbformat.de
https://www.elbformat.de/,www.elbformat.de,mailto://info@elbformat.de,info@elbformat.de
https://www.elbformat.de/,www.elbformat.de,https://www.talanx.com/,www.talanx.com
https://www.elbformat.de/,www.elbformat.de,https://elbformat.de/datenschutz,elbformat.de
https://www.elbformat.de/,www.elbformat.de,https://elbformat.de/was-wir-koennen,elbformat.de
https://www.elbformat.de/,www.elbformat.de,https://elbformat.de/referenzen/relaunch-projekt-vattenfall-waerme,elbformat.de
https://www.elbformat.de/,www.elbformat.de,https://www.elbformat.de/wer-wir-sind,www.elbformat.de
https://www.elbformat.de/,www.elbformat.de,https://twitter.com/elbformat,twitter.com
https://www.elbformat.de/,www.elbformat.de,https://elbformat.de/jobs,elbformat.de
https://www.elbformat.de/referenzen,www.elbformat.de,https://www.instagram.com/elbformat/,www.instagram.com
https://www.elbformat.de/referenzen,www.elbformat.de,https://www.xing.com/companies/elbformatcontentsolutionsgmbh,www.xing.com
https://www.elbformat.de/referenzen,www.elbformat.de,https://elbformat.de/referenzen/projekt-ig-metall-relaunch,elbformat.de
https://www.elbformat.de/referenzen,www.elbformat.de,https://www.elbformat.de/jobs,www.elbformat.de
https://www.elbformat.de/referenzen,www.elbformat.de,https://www.linkedin.com/company/elbformat-content-solutions-gmbh/,www.linkedin.com
https://www.elbformat.de/referenzen,www.elbformat.de,https://elbformat.de/,elbformat.de
https://www.elbformat.de/referenzen,www.elbformat.de,https://elbformat.de/impressum,elbformat.de
https://www.elbformat.de/referenzen,www.elbformat.de,https://www.elbformat.de/,www.elbformat.de
https://www.elbformat.de/referenzen,www.elbformat.de,https://elbformat.de/referenzen/projekt-relaunch-counsel,elbformat.de
https://www.elbformat.de/referenzen,www.elbformat.de,https://www.facebook.com/elbformat/,www.facebook.com
https://www.elbformat.de/referenzen,www.elbformat.de,https://elbformat.de/referenzen/projekt-buerosuche,elbformat.de
https://www.elbformat.de/referenzen,www.elbformat.de,https://elbformat.de/referenzen,elbformat.de
https://www.elbformat.de/referenzen,www.elbformat.de,https://elbformat.de/wer-wir-sind,elbformat.de
https://www.elbformat.de/referenzen,www.elbformat.de,https://www.elbformat.de/referenzen,www.elbformat.de
https://www.elbformat.de/referenzen,www.elbformat.de,https://www.kununu.com/de/elbformat-content-solutions,www.kununu.com
https://www.elbformat.de/referenzen,www.elbformat.de,https://www.elbformat.de/was-wir-koennen,www.elbformat.de
https://www.elbformat.de/referenzen,www.elbformat.de,https://elbformat.de/referenzen/projekt-aldiliefert,elbformat.de
https://www.elbformat.de/referenzen,www.elbformat.de,https://elbformat.de/referenzen/projekt-fresubin,elbformat.de
https://www.elbformat.de/referenzen,www.elbformat.de,mailto://info@elbformat.de,info@elbformat.de
https://www.elbformat.de/referenzen,www.elbformat.de,https://elbformat.de/referenzen/projekt-enpure-stromtarif-per-app,elbformat.de
https://www.elbformat.de/referenzen,www.elbformat.de,https://elbformat.de/datenschutz,elbformat.de
https://www.elbformat.de/referenzen,www.elbformat.de,https://elbformat.de/was-wir-koennen,elbformat.de
https://www.elbformat.de/referenzen,www.elbformat.de,https://elbformat.de/referenzen/relaunch-projekt-vattenfall-waerme,elbformat.de
https://www.elbformat.de/referenzen,www.elbformat.de,https://www.elbformat.de/wer-wir-sind,www.elbformat.de
https://www.elbformat.de/referenzen,www.elbformat.de,https://twitter.com/elbformat,twitter.com
https://www.elbformat.de/referenzen,www.elbformat.de,https://elbformat.de/jobs,elbformat.de
https://www.elbformat.de/was-wir-koennen,www.elbformat.de,https://www.instagram.com/elbformat/,www.instagram.com
https://www.elbformat.de/was-wir-koennen,www.elbformat.de,http://www.hafenkrone.de,www.hafenkrone.de
https://www.elbformat.de/was-wir-koennen,www.elbformat.de,https://www.xing.com/companies/elbformatcontentsolutionsgmbh,www.xing.com
https://www.elbformat.de/was-wir-koennen,www.elbformat.de,https://elbformat.de/referenzen/projekt-ig-metall-relaunch,elbformat.de
https://www.elbformat.de/was-wir-koennen,www.elbformat.de,https://www.elbformat.de/jobs,www.elbformat.de
https://www.elbformat.de/was-wir-koennen,www.elbformat.de,https://www.linkedin.com/company/elbformat-content-solutions-gmbh/,www.linkedin.com
https://www.elbformat.de/was-wir-koennen,www.elbformat.de,https://elbformat.de/,elbformat.de
https://www.elbformat.de/was-wir-koennen,www.elbformat.de,https://www.uptime.de,www.uptime.de
https://www.elbformat.de/was-wir-koennen,www.elbformat.de,https://elbformat.de/impressum,elbformat.de
https://www.elbformat.de/was-wir-koennen,www.elbformat.de,https://www.elbformat.de/,www.elbformat.de
https://www.elbformat.de/was-wir-koennen,www.elbformat.de,https://www.facebook.com/elbformat/,www.facebook.com
https://www.elbformat.de/was-wir-koennen,www.elbformat.de,https://elbformat.de/referenzen/projekt-buerosuche,elbformat.de
https://www.elbformat.de/was-wir-koennen,www.elbformat.de,https://elbformat.de/referenzen,elbformat.de
https://www.elbformat.de/was-wir-koennen,www.elbformat.de,https://elbformat.de/wer-wir-sind,elbformat.de
https://www.elbformat.de/was-wir-koennen,www.elbformat.de,https://www.elbformat.de/referenzen,www.elbformat.de
https://www.elbformat.de/was-wir-koennen,www.elbformat.de,https://elbformat.de/was-wir-koennen/prozessdigitalisierung-evolution-statt-revolution,elbformat.de
https://www.elbformat.de/was-wir-koennen,www.elbformat.de,https://elbformat.de/was-wir-koennen/data-science,elbformat.de
https://www.elbformat.de/was-wir-koennen,www.elbformat.de,https://www.kununu.com/de/elbformat-content-solutions,www.kununu.com
https://www.elbformat.de/was-wir-koennen,www.elbformat.de,https://www.ibexa.co/de,www.ibexa.co
https://www.elbformat.de/was-wir-koennen,www.elbformat.de,https://www.elbformat.de/was-wir-koennen,www.elbformat.de
https://www.elbformat.de/was-wir-koennen,www.elbformat.de,https://www.opentext.de,www.opentext.de
https://www.elbformat.de/was-wir-koennen,www.elbformat.de,mailto://info@elbformat.de,info@elbformat.de
https://www.elbformat.de/was-wir-koennen,www.elbformat.de,https://elbformat.de/datenschutz,elbformat.de
https://www.elbformat.de/was-wir-koennen,www.elbformat.de,https://elbformat.de/was-wir-koennen,elbformat.de
https://www.elbformat.de/was-wir-koennen,www.elbformat.de,https://www.hafenkrone.de,www.hafenkrone.de
https://www.elbformat.de/was-wir-koennen,www.elbformat.de,https://www.elbformat.de/wer-wir-sind,www.elbformat.de
https://www.elbformat.de/was-wir-koennen,www.elbformat.de,https://elbformat.de/was-wir-koennen/was-ist-robotic-process-automation-rpa,elbformat.de
https://www.elbformat.de/was-wir-koennen,www.elbformat.de,https://twitter.com/elbformat,twitter.com
https://www.elbformat.de/was-wir-koennen,www.elbformat.de,https://elbformat.de/jobs,elbformat.de
https://www.elbformat.de/wer-wir-sind,www.elbformat.de,https://www.instagram.com/elbformat/,www.instagram.com
https://www.elbformat.de/wer-wir-sind,www.elbformat.de,https://www.xing.com/companies/elbformatcontentsolutionsgmbh,www.xing.com
https://www.elbformat.de/wer-wir-sind,www.elbformat.de,https://www.elbformat.de/jobs,www.elbformat.de
https://www.elbformat.de/wer-wir-sind,www.elbformat.de,https://www.linkedin.com/company/elbformat-content-solutions-gmbh/,www.linkedin.com
https://www.elbformat.de/wer-wir-sind,www.elbformat.de,https://elbformat.de/,elbformat.de
https://www.elbformat.de/wer-wir-sind,www.elbformat.de,https://www.feelgood-at-work.de/workplaces/elbformat/,www.feelgood-at-work.de
https://www.elbformat.de/wer-wir-sind,www.elbformat.de,https://elbformat.de/impressum,elbformat.de
https://www.elbformat.de/wer-wir-sind,www.elbformat.de,https://www.elbformat.de/,www.elbformat.de
https://www.elbformat.de/wer-wir-sind,www.elbformat.de,https://www.facebook.com/elbformat/,www.facebook.com
https://www.elbformat.de/wer-wir-sind,www.elbformat.de,https://elbformat.de/referenzen,elbformat.de
https://www.elbformat.de/wer-wir-sind,www.elbformat.de,https://elbformat.de/wer-wir-sind,elbformat.de
https://www.elbformat.de/wer-wir-sind,www.elbformat.de,https://www.elbformat.de/referenzen,www.elbformat.de
https://www.elbformat.de/wer-wir-sind,www.elbformat.de,https://elbformat.de/tiefgang/interview-farina,elbformat.de
https://www.elbformat.de/wer-wir-sind,www.elbformat.de,https://www.kununu.com/de/elbformat-content-solutions,www.kununu.com
https://www.elbformat.de/wer-wir-sind,www.elbformat.de,https://www.elbformat.de/was-wir-koennen,www.elbformat.de
https://www.elbformat.de/wer-wir-sind,www.elbformat.de,https://www.hamburg.de/familienallianz/,www.hamburg.de
https://www.elbformat.de/wer-wir-sind,www.elbformat.de,mailto://info@elbformat.de,info@elbformat.de
https://www.elbformat.de/wer-wir-sind,www.elbformat.de,https://elbformat.de/datenschutz,elbformat.de
https://www.elbformat.de/wer-wir-sind,www.elbformat.de,https://elbformat.de/was-wir-koennen,elbformat.de
https://www.elbformat.de/wer-wir-sind,www.elbformat.de,https://www.elbformat.de/wer-wir-sind,www.elbformat.de
https://www.elbformat.de/wer-wir-sind,www.elbformat.de,https://elbformat.de/tiefgang/interview-volker,elbformat.de
https://www.elbformat.de/wer-wir-sind,www.elbformat.de,https://twitter.com/elbformat,twitter.com
https://www.elbformat.de/wer-wir-sind,www.elbformat.de,https://elbformat.de/jobs,elbformat.de
